-- Adminer 3.3.4 MySQL dump

SET NAMES utf8;
SET foreign_key_checks = 0;
SET time_zone = 'SYSTEM';
SET sql_mode = 'NO_AUTO_VALUE_ON_ZERO';

DROP TABLE IF EXISTS `category`;
CREATE TABLE `category` (
  `id` int(11) NOT NULL AUTO_INCREMENT,
  `type_id` varchar(255) DEFAULT NULL,
  `title` varchar(255) DEFAULT NULL,
  PRIMARY KEY (`id`)
) ENGINE=InnoDB DEFAULT CHARSET=utf8 ROW_FORMAT=COMPACT;

INSERT INTO `category` (`id`, `type_id`, `title`) VALUES
(1,	'1',	'дома'),
(2,	'1',	'в городе'),
(3,	'1',	'на природе'),
(4,	'2',	'один'),
(5,	'2',	'вдвоем'),
(6,	'2',	'компания'),
(7,	'3',	'тихо'),
(8,	'3',	'активно'),
(9,	'3',	'экстрим'),
(10,	'4',	'на один раз'),
(11,	'4',	'иногда'),
(12,	'4',	'увлечение');

DROP TABLE IF EXISTS `category_type`;
CREATE TABLE `category_type` (
  `id` int(11) NOT NULL AUTO_INCREMENT,
  `title` varchar(255) DEFAULT NULL,
  PRIMARY KEY (`id`)
) ENGINE=InnoDB DEFAULT CHARSET=utf8 ROW_FORMAT=COMPACT;

INSERT INTO `category_type` (`id`, `title`) VALUES
(1,	'где'),
(2,	'вас много'),
(3,	'как'),
(4,	'надолго');

DROP TABLE IF EXISTS `engage`;
CREATE TABLE `engage` (
  `id` int(11) NOT NULL AUTO_INCREMENT,
  `user_id` int(11) DEFAULT NULL,
  `title` varchar(255) DEFAULT NULL,
  `announce` varchar(255) DEFAULT NULL,
  `description` text,
  `created` datetime DEFAULT NULL,
  `likes` int(11) DEFAULT '0',
  `url` varchar(255) DEFAULT NULL,
  `meta_title` varchar(255) DEFAULT NULL,
  `meta_keywords` varchar(255) DEFAULT NULL,
  `meta_description` varchar(255) DEFAULT NULL,
  `show_place` tinyint(1) DEFAULT '0',
  `active` tinyint(1) DEFAULT '1',
  PRIMARY KEY (`id`)
) ENGINE=InnoDB DEFAULT CHARSET=utf8 ROW_FORMAT=COMPACT;

INSERT INTO `engage` (`id`, `user_id`, `title`, `announce`, `description`, `created`, `likes`, `url`, `meta_title`, `meta_keywords`, `meta_description`, `show_place`, `active`) VALUES
(23,	1,	'Приготовить коктейль',	'У вас случайно завалялась бутылка коньяка, мартини, сливок или чего-нибудь еще? Не дожидайтесь когда они испортяться!',	'У вас случайно завалялась бутылка коньяка, мартини, сливок или чего-нибудь еще? Не дожидайтесь когда они испортяться!',	NULL,	1,	'cocktail',	'',	'',	'',	0,	1),
(25,	2,	'Игра в индейцев!',	'Было очень модно в СССР',	'Популярна в СССР',	NULL,	0,	'indi',	NULL,	NULL,	NULL,	0,	1),
(26,	2,	'Сходить в суши бар',	'В один прекрасный день начинает одинаково тошнить и от готовки, и от пельменей. Это значит, что самое время посетить суши-бар',	'Суши-бар\nВ один прекрасный день начинает одинаково тошнить и от готовки, и от пельменей. .\nЭто значит, что самое время посетить суши-бар и попробовать наконец суши, ролы и прочие кулинарные изыски. Веселье начинается уже когда приносят палочки для еды, потому что ни один человек не был рожден  с геном “я сразу умею держать китайские палочки правильно”. Не переживайте, навык очень быстро приобретается, и уже ничто не отвлекает от дегустации.\nВ зависимости от того с кем вы идете, и с каким настроением, это может или стать романтичным событием, или превратиться в вечер безудержного веселья с саблезубыми тиграми (покажите мне человека который не делал из палочек клыки!) и прицельным швырянием горчицы (она же зеленая субстанция, она же вассаби)\nПосле похода в суши-бар вы сможете с видом знатока говорить, что “Калифорнию” действительно стоит заказывать, а вот угорь суховат... Ну а если вы не любитель риса, водорослей и странной рыбы, то порадуйте себя необычными горячими блюдами и салатами. В конце-концов не сошелся свет клином на ролах с тунцом.',	NULL,	1,	'sushi',	'',	'',	'',	0,	1),
(28,	NULL,	'Покататься на велосипеде',	NULL,	'Вспомни про своего двухколесного друга!',	NULL,	0,	NULL,	NULL,	NULL,	NULL,	0,	1),
(29,	NULL,	'Заняться кайтингом',	NULL,	'Большой такой воздушый змей',	NULL,	0,	NULL,	NULL,	NULL,	NULL,	0,	1),
(30,	NULL,	'Полепить из пластилина',	NULL,	'очень кстати интересно',	NULL,	0,	NULL,	NULL,	NULL,	NULL,	0,	1),
(31,	NULL,	'Бильярд',	NULL,	'ну да, проще простого',	NULL,	0,	NULL,	NULL,	NULL,	NULL,	0,	1);

DROP TABLE IF EXISTS `engage_category`;
CREATE TABLE `engage_category` (
  `id` int(11) NOT NULL AUTO_INCREMENT,
  `e_id` int(11) NOT NULL DEFAULT '0',
  `c_id` int(11) NOT NULL DEFAULT '0',
  PRIMARY KEY (`id`)
) ENGINE=InnoDB DEFAULT CHARSET=utf8 ROW_FORMAT=COMPACT;

INSERT INTO `engage_category` (`id`, `e_id`, `c_id`) VALUES
(545,	25,	1),
(546,	25,	3),
(547,	25,	5),
(548,	25,	6),
(549,	25,	8),
(550,	25,	10),
(551,	25,	11),
(552,	25,	12),
(553,	26,	2),
(554,	26,	4),
(555,	26,	5),
(556,	26,	6),
(557,	26,	7),
(558,	26,	10),
(559,	26,	11),
(576,	28,	2),
(577,	28,	3),
(578,	28,	4),
(579,	28,	5),
(580,	28,	6),
(581,	28,	8),
(582,	28,	9),
(583,	28,	11),
(584,	28,	12),
(585,	29,	3),
(586,	29,	4),
(587,	29,	5),
(588,	29,	6),
(589,	29,	8),
(590,	29,	9),
(591,	29,	11),
(592,	29,	12),
(593,	30,	1),
(594,	30,	4),
(595,	30,	5),
(596,	30,	7),
(597,	30,	10),
(598,	30,	11),
(599,	30,	12),
(600,	31,	2),
(601,	31,	5),
(602,	31,	6),
(603,	31,	7),
(604,	31,	8),
(605,	31,	10),
(606,	31,	11),
(607,	31,	12),
(616,	23,	1),
(617,	23,	4),
(618,	23,	5),
(619,	23,	6),
(620,	23,	7),
(621,	23,	10),
(622,	23,	11),
(623,	23,	12);

DROP TABLE IF EXISTS `engage_comments`;
CREATE TABLE `engage_comments` (
  `id` int(11) NOT NULL AUTO_INCREMENT,
  `e_id` int(11) DEFAULT NULL,
  `user_id` int(11) DEFAULT NULL,
  `message` text,
  `datetime` datetime DEFAULT NULL,
  PRIMARY KEY (`id`),
  KEY `fk_e_id` (`e_id`),
  KEY `fk_user_id` (`user_id`)
) ENGINE=InnoDB DEFAULT CHARSET=utf8;

INSERT INTO `engage_comments` (`id`, `e_id`, `user_id`, `message`, `datetime`) VALUES
(3,	2,	1,	'вкусно!!!',	NULL),
(23,	2,	1,	'сладко )',	'2010-09-19 02:03:02'),
(25,	2,	1,	'123',	'2010-09-28 02:13:20'),
(26,	2,	1,	'55555',	'2010-09-28 02:15:18'),
(27,	2,	46,	'девочка :)',	'2010-10-01 10:42:26'),
(33,	1,	NULL,	'555',	'2010-10-02 02:01:23'),
(34,	1,	NULL,	'гыгы',	'2010-10-02 02:02:25'),
(35,	1,	NULL,	'гыгы',	'2010-10-02 02:03:00'),
(36,	2,	NULL,	'с зонтиком',	'2010-10-02 02:03:47'),
(37,	3,	46,	'айкидо емае!555345345',	'2010-10-15 12:15:07'),
(38,	1,	46,	'привет! кореш',	'2010-10-02 11:51:07'),
(39,	11,	46,	'Ну а если вы не любитель риса, водорослей и странной рыбы, то порадуйте себя необычными горячими блюдами и салатами. В конце-концов не сошелся свет клином на ролах с тунцом.',	'2010-10-03 06:00:42'),
(40,	11,	47,	'очень люблю суши!',	'2010-10-03 06:02:54'),
(42,	3,	1,	'777',	'2010-10-15 12:18:08');

DROP TABLE IF EXISTS `engage_photos`;
CREATE TABLE `engage_photos` (
  `id` int(11) NOT NULL AUTO_INCREMENT,
  `e_id` int(11) NOT NULL,
  `filename` varchar(255) NOT NULL,
  `filename_thumb` varchar(255) NOT NULL,
  `cover` tinyint(4) DEFAULT NULL,
  PRIMARY KEY (`id`),
  KEY `e_id` (`e_id`),
  CONSTRAINT `engage_photos_ibfk_1` FOREIGN KEY (`e_id`) REFERENCES `engage` (`id`)
) ENGINE=InnoDB DEFAULT CHARSET=utf8;

INSERT INTO `engage_photos` (`id`, `e_id`, `filename`, `filename_thumb`, `cover`) VALUES
(30,	23,	'1320231838_1873.jpg',	'1320231838_1873_thumb.jpg',	0),
(32,	23,	'1320232051_9263.jpg',	'1320232051_9263_thumb.jpg',	0),
(35,	23,	'1320232184_1859.jpg',	'1320232184_1859_thumb.jpg',	0),
(37,	25,	'1321120943_7358.jpg',	'1321120943_7358_thumb.jpg',	1),
(38,	26,	'1321120963_2924.jpg',	'1321120963_2924_thumb.jpg',	1),
(39,	23,	'1321120997_2582.jpg',	'1321120997_2582_thumb.jpg',	0),
(40,	23,	'1321121110_7554.jpg',	'1321121110_7554_thumb.jpg',	1),
(41,	28,	'1321121279_6360.jpg',	'1321121279_6360_thumb.jpg',	1),
(42,	29,	'1321121387_1839.jpg',	'1321121387_1839_thumb.jpg',	1),
(43,	30,	'1321121446_6857.jpg',	'1321121446_6857_thumb.jpg',	1),
(44,	31,	'1321121577_9581.jpg',	'1321121577_9581_thumb.jpg',	1);

DROP TABLE IF EXISTS `engage_place`;
CREATE TABLE `engage_place` (
  `id` int(11) NOT NULL AUTO_INCREMENT,
  `e_id` int(11) DEFAULT NULL,
  `user_id` int(11) DEFAULT NULL,
  `title` varchar(255) DEFAULT NULL,
  `subtitle` varchar(255) DEFAULT NULL,
  `text` text,
  `address` varchar(255) DEFAULT NULL,
  `link_map` varchar(255) DEFAULT NULL,
  `datetime` datetime DEFAULT NULL,
  PRIMARY KEY (`id`),
  KEY `fk_e_idw` (`e_id`),
  KEY `fk_engage_place_user_id` (`user_id`)
) ENGINE=InnoDB DEFAULT CHARSET=utf8 ROW_FORMAT=COMPACT;

INSERT INTO `engage_place` (`id`, `e_id`, `user_id`, `title`, `subtitle`, `text`, `address`, `link_map`, `datetime`) VALUES
(1,	1,	1,	NULL,	NULL,	'вот тут всего за 100 рублей можно покататься',	'111',	NULL,	'1899-12-30 05:00:00'),
(2,	2,	1,	NULL,	NULL,	'цукцук',	'222',	NULL,	'2010-09-28 02:19:59'),
(3,	1,	46,	'Вилка ложка',	'кафе',	'федеральная сеть столовых быстрого питания, главное преимущество которых - это низкая цена, быстрое самообслуживание, европейский сервис, большое разнообразие предлагаемых блюд, в основном, русской кухни',	'ул. Измайловский вал, д.2',	NULL,	'2010-10-02 01:08:58'),
(4,	1,	NULL,	NULL,	NULL,	'222',	NULL,	NULL,	'2010-10-02 01:35:32'),
(5,	1,	NULL,	'aaa',	NULL,	'sss',	'ddd',	NULL,	'2010-10-02 01:36:26'),
(6,	1,	NULL,	'111',	NULL,	'222',	'333',	NULL,	'2010-10-02 01:44:44'),
(7,	1,	NULL,	'',	NULL,	'',	'',	NULL,	'2010-10-02 01:47:38'),
(8,	1,	NULL,	'Название',	NULL,	'Описание',	'Адрес',	NULL,	'2010-10-02 01:48:38'),
(9,	1,	NULL,	'Название',	NULL,	'Описание',	'Адрес',	NULL,	'2010-10-02 01:49:09'),
(10,	1,	NULL,	'Название',	NULL,	'Описание',	'Адрес',	NULL,	'2010-10-02 01:50:34'),
(11,	2,	NULL,	'111',	NULL,	'222',	'333',	NULL,	'2010-10-02 02:06:32'),
(12,	2,	NULL,	'ффф',	NULL,	'фывфыв',	'ввв',	NULL,	'2010-10-02 02:08:30'),
(13,	11,	46,	'Суши центр',	NULL,	'В зависимости от того с кем вы идете, и с каким настроением, это может или стать романтичным событием, или превратиться в вечер безудержного веселья с саблезубыми тиграми (покажите мне человека который не делал из палочек клыки!) и прицельным швырянием горчицы (она же зеленая субстанция, она же вассаби) После похода в суши-бар вы сможете с видом знатока говорить',	'г. Барнаул, Ленина 17',	NULL,	'2010-10-03 06:01:15');

DROP TABLE IF EXISTS `geo`;
CREATE TABLE `geo` (
  `id` bigint(20) unsigned NOT NULL AUTO_INCREMENT,
  `ip1` bigint(20) unsigned NOT NULL DEFAULT '0',
  `ip2` bigint(20) unsigned NOT NULL DEFAULT '0',
  `country` varchar(2) NOT NULL DEFAULT '',
  `city` varchar(100) NOT NULL DEFAULT '',
  `region` varchar(100) NOT NULL DEFAULT '',
  `okrug` varchar(100) NOT NULL DEFAULT '',
  PRIMARY KEY (`id`)
) ENGINE=InnoDB DEFAULT CHARSET=utf8 ROW_FORMAT=COMPACT;


DROP TABLE IF EXISTS `geo_city`;
CREATE TABLE `geo_city` (
  `id` int(11) NOT NULL AUTO_INCREMENT,
  `region` varchar(255) NOT NULL DEFAULT '',
  `title` varchar(255) NOT NULL DEFAULT '',
  `is_active` char(1) DEFAULT 'N',
  PRIMARY KEY (`id`)
) ENGINE=InnoDB DEFAULT CHARSET=utf8 ROW_FORMAT=COMPACT;

INSERT INTO `geo_city` (`id`, `region`, `title`, `is_active`) VALUES
(1,	'Белгородская область',	'Алексеевка',	'0'),
(2,	'Белгородская область',	'Белгород',	'0'),
(3,	'Белгородская область',	'Бирюч',	'0'),
(4,	'Белгородская область',	'Валуйки',	'0'),
(5,	'Белгородская область',	'Грайворон',	'0'),
(6,	'Белгородская область',	'Губкин',	'0'),
(7,	'Белгородская область',	'Короча',	'0'),
(8,	'Белгородская область',	'Новый Оскол',	'0'),
(9,	'Белгородская область',	'Старый Оскол',	'0'),
(10,	'Белгородская область',	'Строитель',	'0'),
(11,	'Белгородская область',	'Шебекино',	'0'),
(12,	'Брянская область',	'Брянск',	'0'),
(13,	'Брянская область',	'Дятьково',	'0'),
(14,	'Брянская область',	'Жуковка',	'0'),
(15,	'Брянская область',	'Злынка',	'0'),
(16,	'Брянская область',	'Карачев',	'0'),
(17,	'Брянская область',	'Клинцы',	'0'),
(18,	'Брянская область',	'Мглин',	'0'),
(19,	'Брянская область',	'Новозыбков',	'0'),
(20,	'Брянская область',	'Почеп',	'0'),
(21,	'Брянская область',	'Севск',	'0'),
(22,	'Брянская область',	'Сельцо',	'0'),
(23,	'Брянская область',	'Стародуб',	'0'),
(24,	'Брянская область',	'Сураж',	'0'),
(25,	'Брянская область',	'Трубчевск',	'0'),
(26,	'Брянская область',	'Унеча',	'0'),
(27,	'Брянская область',	'Фокино (Брянская область)',	'0'),
(28,	'Владимирская область',	'Александров',	'0'),
(29,	'Владимирская область',	'Владимир',	'0'),
(30,	'Владимирская область',	'Вязники',	'0'),
(31,	'Владимирская область',	'Гороховец',	'0'),
(32,	'Владимирская область',	'Гусь-Хрустальный',	'0'),
(33,	'Владимирская область',	'Камешково',	'0'),
(34,	'Владимирская область',	'Карабаново',	'0'),
(35,	'Владимирская область',	'Киржач',	'0'),
(36,	'Владимирская область',	'Ковров',	'0'),
(37,	'Владимирская область',	'Кольчугино',	'0'),
(38,	'Владимирская область',	'Костерево',	'0'),
(39,	'Владимирская область',	'Курлово',	'0'),
(40,	'Владимирская область',	'Лакинск',	'0'),
(41,	'Владимирская область',	'Меленки',	'0'),
(42,	'Владимирская область',	'Муром',	'0'),
(43,	'Владимирская область',	'Петушки',	'0'),
(44,	'Владимирская область',	'Покров',	'0'),
(45,	'Владимирская область',	'Радужный',	'0'),
(46,	'Владимирская область',	'Собинка',	'0'),
(47,	'Владимирская область',	'Струнино',	'0'),
(48,	'Владимирская область',	'Судогда',	'0'),
(49,	'Владимирская область',	'Суздаль',	'0'),
(50,	'Владимирская область',	'Юрьев-Польский',	'0'),
(51,	'Воронежская область',	'Бобров',	'0'),
(52,	'Воронежская область',	'Богучар',	'0'),
(53,	'Воронежская область',	'Борисоглебск',	'0'),
(54,	'Воронежская область',	'Бутурлиновка',	'0'),
(55,	'Воронежская область',	'Воронеж',	'0'),
(56,	'Воронежская область',	'Калач',	'0'),
(57,	'Воронежская область',	'Лиски',	'0'),
(58,	'Воронежская область',	'Нововоронеж',	'0'),
(59,	'Воронежская область',	'Новохоперск',	'0'),
(60,	'Воронежская область',	'Острогожск',	'0'),
(61,	'Воронежская область',	'Павловск',	'0'),
(62,	'Воронежская область',	'Поворино',	'0'),
(63,	'Воронежская область',	'Россошь',	'0'),
(64,	'Воронежская область',	'Семилуки',	'0'),
(65,	'Воронежская область',	'Эртиль',	'0'),
(66,	'Ивановская область',	'Вичуга',	'0'),
(67,	'Ивановская область',	'Гаврилов Посад',	'0'),
(68,	'Ивановская область',	'Заволжск',	'0'),
(69,	'Ивановская область',	'Иваново',	'0'),
(70,	'Ивановская область',	'Кинешма',	'0'),
(71,	'Ивановская область',	'Комсомольск',	'0'),
(72,	'Ивановская область',	'Кохма',	'0'),
(73,	'Ивановская область',	'Наволоки',	'0'),
(74,	'Ивановская область',	'Плес',	'0'),
(75,	'Ивановская область',	'Приволжск',	'0'),
(76,	'Ивановская область',	'Пучеж',	'0'),
(77,	'Ивановская область',	'Родники',	'0'),
(78,	'Ивановская область',	'Тейково',	'0'),
(79,	'Ивановская область',	'Фурманов',	'0'),
(80,	'Ивановская область',	'Шуя',	'0'),
(81,	'Ивановская область',	'Южа',	'0'),
(82,	'Ивановская область',	'Юрьевец',	'0'),
(83,	'Калужская область',	'Балабаново',	'0'),
(84,	'Калужская область',	'Белоусово',	'0'),
(85,	'Калужская область',	'Боровск',	'0'),
(86,	'Калужская область',	'Ермолино',	'0'),
(87,	'Калужская область',	'Жиздра',	'0'),
(88,	'Калужская область',	'Жуков',	'0'),
(89,	'Калужская область',	'Калуга',	'0'),
(90,	'Калужская область',	'Киров (Калужская область)',	'0'),
(91,	'Калужская область',	'Козельск',	'0'),
(92,	'Калужская область',	'Кондрово',	'0'),
(93,	'Калужская область',	'Кремёнки',	'0'),
(94,	'Калужская область',	'Людиново',	'0'),
(95,	'Калужская область',	'Малоярославец',	'0'),
(96,	'Калужская область',	'Медынь',	'0'),
(97,	'Калужская область',	'Мещовск',	'0'),
(98,	'Калужская область',	'Мосальск',	'0'),
(99,	'Калужская область',	'Обнинск',	'0'),
(100,	'Калужская область',	'Сосенский',	'0'),
(101,	'Калужская область',	'Спас-Деменск',	'0'),
(102,	'Калужская область',	'Сухиничи',	'0'),
(103,	'Калужская область',	'Таруса',	'0'),
(104,	'Калужская область',	'Юхнов',	'0'),
(105,	'Костромская область',	'Буй',	'0'),
(106,	'Костромская область',	'Волгореченск',	'0'),
(107,	'Костромская область',	'Галич',	'0'),
(108,	'Костромская область',	'Кологрив',	'0'),
(109,	'Костромская область',	'Кострома',	'0'),
(110,	'Костромская область',	'Макарьев',	'0'),
(111,	'Костромская область',	'Мантурово',	'0'),
(112,	'Костромская область',	'Нерехта',	'0'),
(113,	'Костромская область',	'Нея',	'0'),
(114,	'Костромская область',	'Солигалич',	'0'),
(115,	'Костромская область',	'Чухлома',	'0'),
(116,	'Костромская область',	'Шарья',	'0'),
(117,	'Курская область',	'Дмитриев-Льговский',	'0'),
(118,	'Курская область',	'Железногорск (Курская область)',	'0'),
(119,	'Курская область',	'Курск',	'0'),
(120,	'Курская область',	'Курчатов',	'0'),
(121,	'Курская область',	'Льгов',	'0'),
(122,	'Курская область',	'Обоянь',	'0'),
(123,	'Курская область',	'Рыльск',	'0'),
(124,	'Курская область',	'Суджа',	'0'),
(125,	'Курская область',	'Фатеж',	'0'),
(126,	'Курская область',	'Щигры',	'0'),
(127,	'Липецкая область',	'Грязи',	'0'),
(128,	'Липецкая область',	'Данков',	'0'),
(129,	'Липецкая область',	'Елец',	'0'),
(130,	'Липецкая область',	'Задонск',	'0'),
(131,	'Липецкая область',	'Лебедянь',	'0'),
(132,	'Липецкая область',	'Липецк',	'0'),
(133,	'Липецкая область',	'Усмань',	'0'),
(134,	'Липецкая область',	'Чаплыгин',	'0'),
(135,	'Московская область',	'Апрелевка',	'0'),
(136,	'Московская область',	'Балашиха',	'0'),
(137,	'Московская область',	'Бронницы',	'0'),
(138,	'Московская область',	'Верея',	'0'),
(139,	'Московская область',	'Видное',	'0'),
(140,	'Московская область',	'Волоколамск',	'0'),
(141,	'Московская область',	'Воскресенск',	'0'),
(142,	'Московская область',	'Высоковск',	'0'),
(143,	'Московская область',	'Дедовск',	'0'),
(144,	'Московская область',	'Дзержинский',	'0'),
(145,	'Московская область',	'Дмитров',	'0'),
(146,	'Московская область',	'Долгопрудный',	'0'),
(147,	'Московская область',	'Домодедово',	'0'),
(148,	'Московская область',	'Дрезна',	'0'),
(149,	'Московская область',	'Дубна',	'0'),
(150,	'Московская область',	'Егорьевск',	'0'),
(151,	'Московская область',	'Железнодорожный',	'0'),
(152,	'Московская область',	'Жуковский',	'0'),
(153,	'Московская область',	'Зарайск',	'0'),
(154,	'Московская область',	'Звенигород',	'0'),
(155,	'Московская область',	'Ивантеевка',	'0'),
(156,	'Московская область',	'Истра',	'0'),
(157,	'Московская область',	'Кашира',	'0'),
(158,	'Московская область',	'Климовск',	'0'),
(159,	'Московская область',	'Клин',	'0'),
(160,	'Московская область',	'Коломна',	'0'),
(161,	'Московская область',	'Королёв',	'0'),
(162,	'Московская область',	'Красноармейск (Московская область)',	'0'),
(163,	'Московская область',	'Красногорск (Московская область)',	'0'),
(164,	'Московская область',	'Краснозаводск',	'0'),
(165,	'Московская область',	'Краснознаменск (Московская область)',	'0'),
(166,	'Московская область',	'Куровское',	'0'),
(167,	'Московская область',	'Ликино-Дулёво',	'0'),
(168,	'Московская область',	'Лобня',	'0'),
(169,	'Московская область',	'Лосино-Петровский',	'0'),
(170,	'Московская область',	'Луховицы',	'0'),
(171,	'Московская область',	'Лыткарино',	'0'),
(172,	'Московская область',	'Люберцы',	'0'),
(173,	'Московская область',	'Можайск',	'0'),
(174,	'Московская область',	'Мытищи',	'0'),
(175,	'Московская область',	'Наро-Фоминск',	'0'),
(176,	'Московская область',	'Ногинск',	'0'),
(177,	'Московская область',	'Одинцово',	'0'),
(178,	'Московская область',	'Ожерелье',	'0'),
(179,	'Московская область',	'Озёры',	'0'),
(180,	'Московская область',	'Орехово-Зуево',	'0'),
(181,	'Московская область',	'Павловский Посад',	'0'),
(182,	'Московская область',	'Пересвет',	'0'),
(183,	'Московская область',	'Подольск',	'0'),
(184,	'Московская область',	'Протвино',	'0'),
(185,	'Московская область',	'Пушкино',	'0'),
(186,	'Московская область',	'Пущино',	'0'),
(187,	'Московская область',	'Раменское',	'0'),
(188,	'Московская область',	'Реутов',	'0'),
(189,	'Московская область',	'Рошаль',	'0'),
(190,	'Московская область',	'Руза',	'0'),
(191,	'Московская область',	'Сергиев Посад',	'0'),
(192,	'Московская область',	'Серпухов',	'0'),
(193,	'Московская область',	'Солнечногорск',	'0'),
(194,	'Московская область',	'Ступино',	'0'),
(195,	'Московская область',	'Сходня',	'0'),
(196,	'Московская область',	'Талдом',	'0'),
(197,	'Московская область',	'Троицк',	'0'),
(198,	'Московская область',	'Фрязино',	'0'),
(199,	'Московская область',	'Химки',	'0'),
(200,	'Московская область',	'Хотьково',	'0'),
(201,	'Московская область',	'Черноголовка',	'0'),
(202,	'Московская область',	'Чехов',	'0'),
(203,	'Московская область',	'Шатура',	'0'),
(204,	'Московская область',	'Щёлково',	'0'),
(205,	'Московская область',	'Щербинка',	'0'),
(206,	'Московская область',	'Электрогорск',	'0'),
(207,	'Московская область',	'Электросталь',	'0'),
(208,	'Московская область',	'Электроугли',	'0'),
(209,	'Московская область',	'Юбилейный',	'0'),
(210,	'Московская область',	'Яхрома',	'0'),
(211,	'Орловская область',	'Болхов',	'0'),
(212,	'Орловская область',	'Дмитровск',	'0'),
(213,	'Орловская область',	'Ливны',	'0'),
(214,	'Орловская область',	'Малоархангельск (Орловская область)',	'0'),
(215,	'Орловская область',	'Мценск',	'0'),
(216,	'Орловская область',	'Новосиль',	'0'),
(217,	'Орловская область',	'Орёл',	'0'),
(218,	'Рязанская область',	'Касимов',	'0'),
(219,	'Рязанская область',	'Кораблино',	'0'),
(220,	'Рязанская область',	'Михайлов',	'0'),
(221,	'Рязанская область',	'Новомичуринск',	'0'),
(222,	'Рязанская область',	'Рыбное',	'0'),
(223,	'Рязанская область',	'Ряжск',	'0'),
(224,	'Рязанская область',	'Рязань',	'0'),
(225,	'Рязанская область',	'Сасово',	'0'),
(226,	'Рязанская область',	'Скопин',	'0'),
(227,	'Рязанская область',	'Спас-Клепики',	'0'),
(228,	'Рязанская область',	'Спасск-Рязанский',	'0'),
(229,	'Рязанская область',	'Шацк',	'0'),
(230,	'Смоленская область',	'Велиж',	'0'),
(231,	'Смоленская область',	'Вязьма',	'0'),
(232,	'Смоленская область',	'Гагарин',	'0'),
(233,	'Смоленская область',	'Демидов',	'0'),
(234,	'Смоленская область',	'Десногорск',	'0'),
(235,	'Смоленская область',	'Дорогобуж',	'0'),
(236,	'Смоленская область',	'Духовщина',	'0'),
(237,	'Смоленская область',	'Ельня',	'0'),
(238,	'Смоленская область',	'Починок',	'0'),
(239,	'Смоленская область',	'Рославль',	'0'),
(240,	'Смоленская область',	'Рудня',	'0'),
(241,	'Смоленская область',	'Сафоново',	'0'),
(242,	'Смоленская область',	'Смоленск',	'0'),
(243,	'Смоленская область',	'Сычевка',	'0'),
(244,	'Смоленская область',	'Ярцево',	'0'),
(245,	'Тамбовская область',	'Жердевка',	'0'),
(246,	'Тамбовская область',	'Кирсанов',	'0'),
(247,	'Тамбовская область',	'Котовск',	'0'),
(248,	'Тамбовская область',	'Мичуринск',	'0'),
(249,	'Тамбовская область',	'Моршанск',	'0'),
(250,	'Тамбовская область',	'Рассказово',	'0'),
(251,	'Тамбовская область',	'Тамбов',	'0'),
(252,	'Тамбовская область',	'Уварово',	'0'),
(253,	'Тверская область',	'Андреаполь',	'0'),
(254,	'Тверская область',	'Бежецк',	'0'),
(255,	'Тверская область',	'Белый',	'0'),
(256,	'Тверская область',	'Бологое',	'0'),
(257,	'Тверская область',	'Весьегонск',	'0'),
(258,	'Тверская область',	'Вышний Волочек',	'0'),
(259,	'Тверская область',	'Западная Двина',	'0'),
(260,	'Тверская область',	'Зубцов',	'0'),
(261,	'Тверская область',	'Калязин',	'0'),
(262,	'Тверская область',	'Кашин',	'0'),
(263,	'Тверская область',	'Кимры',	'0'),
(264,	'Тверская область',	'Конаково',	'0'),
(265,	'Тверская область',	'Красный Холм',	'0'),
(266,	'Тверская область',	'Кувшиново',	'0'),
(267,	'Тверская область',	'Лихославль',	'0'),
(268,	'Тверская область',	'Нелидово',	'0'),
(269,	'Тверская область',	'Осташков',	'0'),
(270,	'Тверская область',	'Ржев',	'0'),
(271,	'Тверская область',	'Старица',	'0'),
(272,	'Тверская область',	'Тверь',	'0'),
(273,	'Тверская область',	'Торжок',	'0'),
(274,	'Тверская область',	'Торопец',	'0'),
(275,	'Тверская область',	'Удомля',	'0'),
(276,	'Тульская область',	'Алексин',	'0'),
(277,	'Тульская область',	'Белев',	'0'),
(278,	'Тульская область',	'Богородицк',	'0'),
(279,	'Тульская область',	'Болохово',	'0'),
(280,	'Тульская область',	'Венев',	'0'),
(281,	'Тульская область',	'Донской',	'0'),
(282,	'Тульская область',	'Ефремов',	'0'),
(283,	'Тульская область',	'Кимовск',	'0'),
(284,	'Тульская область',	'Киреевск',	'0'),
(285,	'Тульская область',	'Липки',	'0'),
(286,	'Тульская область',	'Новомосковск',	'0'),
(287,	'Тульская область',	'Плавск',	'0'),
(288,	'Тульская область',	'Северо-Задонск',	'0'),
(289,	'Тульская область',	'Советск (Тульская область)',	'0'),
(290,	'Тульская область',	'Сокольники',	'0'),
(291,	'Тульская область',	'Суворов',	'0'),
(292,	'Тульская область',	'Тула',	'0'),
(293,	'Тульская область',	'Узловая',	'0'),
(294,	'Тульская область',	'Чекалин',	'0'),
(295,	'Тульская область',	'Щекино',	'0'),
(296,	'Тульская область',	'Ясногорск',	'0'),
(297,	'Ярославская область',	'Гаврилов-Ям',	'0'),
(298,	'Ярославская область',	'Данилов',	'0'),
(299,	'Ярославская область',	'Любим',	'0'),
(300,	'Ярославская область',	'Мышкин',	'0'),
(301,	'Ярославская область',	'Переславль-Залесский',	'0'),
(302,	'Ярославская область',	'Пошехонье',	'0'),
(303,	'Ярославская область',	'Ростов',	'0'),
(304,	'Ярославская область',	'Рыбинск',	'0'),
(305,	'Ярославская область',	'Тутаев',	'0'),
(306,	'Ярославская область',	'Углич',	'0'),
(307,	'Ярославская область',	'Ярославль',	'0'),
(308,	'Республика Карелия',	'Беломорск',	'0'),
(309,	'Республика Карелия',	'Кемь',	'0'),
(310,	'Республика Карелия',	'Кондопога',	'0'),
(311,	'Республика Карелия',	'Костомукша',	'0'),
(312,	'Республика Карелия',	'Лахденпохья',	'0'),
(313,	'Республика Карелия',	'Медвежьегорск',	'0'),
(314,	'Республика Карелия',	'Олонец',	'0'),
(315,	'Республика Карелия',	'Петрозаводск',	'0'),
(316,	'Республика Карелия',	'Питкяранта',	'0'),
(317,	'Республика Карелия',	'Пудож',	'0'),
(318,	'Республика Карелия',	'Сегежа',	'0'),
(319,	'Республика Карелия',	'Сортавала',	'0'),
(320,	'Республика Карелия',	'Суоярви',	'0'),
(321,	'Республика Коми',	'Воркута',	'0'),
(322,	'Республика Коми',	'Вуктыл',	'0'),
(323,	'Республика Коми',	'Емва',	'0'),
(324,	'Республика Коми',	'Инта',	'0'),
(325,	'Республика Коми',	'Микунь',	'0'),
(326,	'Республика Коми',	'Печора',	'0'),
(327,	'Республика Коми',	'Сосногорск',	'0'),
(328,	'Республика Коми',	'Сыктывкар',	'0'),
(329,	'Республика Коми',	'Усинск',	'0'),
(330,	'Республика Коми',	'Ухта',	'0'),
(331,	'Архангельская область',	'Архангельск',	'0'),
(332,	'Архангельская область',	'Вельск',	'0'),
(333,	'Архангельская область',	'Каргополь',	'0'),
(334,	'Архангельская область',	'Коряжма',	'0'),
(335,	'Архангельская область',	'Котлас',	'0'),
(336,	'Архангельская область',	'Мезень',	'0'),
(337,	'Архангельская область',	'Мирный (Архангельская область)',	'0'),
(338,	'Архангельская область',	'Новодвинск',	'0'),
(339,	'Архангельская область',	'Няндома',	'0'),
(340,	'Архангельская область',	'Онега',	'0'),
(341,	'Архангельская область',	'Северодвинск',	'0'),
(342,	'Архангельская область',	'Сольвычегодск',	'0'),
(343,	'Архангельская область',	'Шенкурск',	'0'),
(344,	'Ненецкий автономный округ',	'Нарьян-Мар',	'0'),
(345,	'Вологодская область',	'Бабаево',	'0'),
(346,	'Вологодская область',	'Белозерск',	'0'),
(347,	'Вологодская область',	'Великий Устюг',	'0'),
(348,	'Вологодская область',	'Вологда',	'0'),
(349,	'Вологодская область',	'Вытегра',	'0'),
(350,	'Вологодская область',	'Грязовец',	'0'),
(351,	'Вологодская область',	'Кадников',	'0'),
(352,	'Вологодская область',	'Кириллов',	'0'),
(353,	'Вологодская область',	'Красавино',	'0'),
(354,	'Вологодская область',	'Никольск (Вологодская область)',	'0'),
(355,	'Вологодская область',	'Сокол',	'0'),
(356,	'Вологодская область',	'Тотьма',	'0'),
(357,	'Вологодская область',	'Устюжна',	'0'),
(358,	'Вологодская область',	'Харовск',	'0'),
(359,	'Вологодская область',	'Череповец',	'0'),
(360,	'Калининградская область',	'Багратионовск',	'0'),
(361,	'Калининградская область',	'Балтийск',	'0'),
(362,	'Калининградская область',	'Гвардейск',	'0'),
(363,	'Калининградская область',	'Гурьевск',	'0'),
(364,	'Калининградская область',	'Гусев',	'0'),
(365,	'Калининградская область',	'Зеленоградск',	'0'),
(366,	'Калининградская область',	'Калининград',	'0'),
(367,	'Калининградская область',	'Краснознаменск (Калининградская область)',	'0'),
(368,	'Калининградская область',	'Ладушкин',	'0'),
(369,	'Калининградская область',	'Мамоново',	'0'),
(370,	'Калининградская область',	'Неман',	'0'),
(371,	'Калининградская область',	'Нестеров',	'0'),
(372,	'Калининградская область',	'Озерск',	'0'),
(373,	'Калининградская область',	'Пионерский',	'0'),
(374,	'Калининградская область',	'Полесск',	'0'),
(375,	'Калининградская область',	'Правдинск',	'0'),
(376,	'Калининградская область',	'Приморск',	'0'),
(377,	'Калининградская область',	'Светлогорск',	'0'),
(378,	'Калининградская область',	'Светлый',	'0'),
(379,	'Калининградская область',	'Славск',	'0'),
(380,	'Калининградская область',	'Советск (Калининградская область)',	'0'),
(381,	'Калининградская область',	'Черняховск',	'0'),
(382,	'Ленинградская область',	'Бокситогорск',	'0'),
(383,	'Ленинградская область',	'Волосово',	'0'),
(384,	'Ленинградская область',	'Волхов',	'0'),
(385,	'Ленинградская область',	'Всеволожск',	'0'),
(386,	'Ленинградская область',	'Выборг',	'0'),
(387,	'Ленинградская область',	'Высоцк',	'0'),
(388,	'Ленинградская область',	'Гатчина',	'0'),
(389,	'Ленинградская область',	'Ивангород',	'0'),
(390,	'Ленинградская область',	'Каменногорск',	'0'),
(391,	'Ленинградская область',	'Кингисепп',	'0'),
(392,	'Ленинградская область',	'Кириши',	'0'),
(393,	'Ленинградская область',	'Кировск (Ленинградская область)',	'0'),
(394,	'Ленинградская область',	'Коммунар (город)',	'0'),
(395,	'Ленинградская область',	'Лодейное Поле',	'0'),
(396,	'Ленинградская область',	'Луга',	'0'),
(397,	'Ленинградская область',	'Любань',	'0'),
(398,	'Ленинградская область',	'Никольское',	'0'),
(399,	'Ленинградская область',	'Новая Ладога',	'0'),
(400,	'Ленинградская область',	'Отрадное',	'0'),
(401,	'Ленинградская область',	'Пикалево',	'0'),
(402,	'Ленинградская область',	'Подпорожье',	'0'),
(403,	'Ленинградская область',	'Приморск',	'0'),
(404,	'Ленинградская область',	'Приозерск',	'0'),
(405,	'Ленинградская область',	'Светогорск',	'0'),
(406,	'Ленинградская область',	'Сертолово',	'0'),
(407,	'Ленинградская область',	'Сланцы',	'0'),
(408,	'Ленинградская область',	'Сосновый Бор',	'0'),
(409,	'Ленинградская область',	'Сясьстрой',	'0'),
(410,	'Ленинградская область',	'Тихвин',	'0'),
(411,	'Ленинградская область',	'Тосно',	'0'),
(412,	'Ленинградская область',	'Шлиссельбург',	'0'),
(413,	'Мурманская область',	'Апатиты',	'0'),
(414,	'Мурманская область',	'Гаджиево',	'0'),
(415,	'Мурманская область',	'Заозерск',	'0'),
(416,	'Мурманская область',	'Заполярный',	'0'),
(417,	'Мурманская область',	'Кандалакша',	'0'),
(418,	'Мурманская область',	'Кировск',	'0'),
(419,	'Мурманская область',	'Ковдор',	'0'),
(420,	'Мурманская область',	'Кола',	'0'),
(421,	'Мурманская область',	'Мончегорск',	'0'),
(422,	'Мурманская область',	'Мурманск',	'0'),
(423,	'Мурманская область',	'Оленегорск',	'0'),
(424,	'Мурманская область',	'Островной',	'0'),
(425,	'Мурманская область',	'Полярные Зори',	'0'),
(426,	'Мурманская область',	'Полярный',	'0'),
(427,	'Мурманская область',	'Североморск',	'0'),
(428,	'Мурманская область',	'Скалистый',	'0'),
(429,	'Мурманская область',	'Снежногорск',	'0'),
(430,	'Новгородская область',	'Боровичи',	'0'),
(431,	'Новгородская область',	'Валдай',	'0'),
(432,	'Новгородская область',	'Великий Новгород',	'0'),
(433,	'Новгородская область',	'Малая Вишера',	'0'),
(434,	'Новгородская область',	'Окуловка',	'0'),
(435,	'Новгородская область',	'Пестово',	'0'),
(436,	'Новгородская область',	'Сольцы',	'0'),
(437,	'Новгородская область',	'Старая Русса',	'0'),
(438,	'Новгородская область',	'Холм',	'0'),
(439,	'Новгородская область',	'Чудово',	'0'),
(440,	'Псковская область',	'Великие Луки',	'0'),
(441,	'Псковская область',	'Гдов',	'0'),
(442,	'Псковская область',	'Дно',	'0'),
(443,	'Псковская область',	'Невель',	'0'),
(444,	'Псковская область',	'Новоржев',	'0'),
(445,	'Псковская область',	'Новосокольники',	'0'),
(446,	'Псковская область',	'Опочка',	'0'),
(447,	'Псковская область',	'Остров',	'0'),
(448,	'Псковская область',	'Печоры',	'0'),
(449,	'Псковская область',	'Порхов',	'0'),
(450,	'Псковская область',	'Псков',	'0'),
(451,	'Псковская область',	'Пустошка',	'0'),
(452,	'Псковская область',	'Пыталово',	'0'),
(453,	'Псковская область',	'Себеж',	'0'),
(454,	'Республика Адыгея',	'Адыгейск',	'0'),
(455,	'Республика Адыгея',	'Майкоп',	'0'),
(456,	'Республика Дагестан',	'Буйнакск',	'0'),
(457,	'Республика Дагестан',	'Дагестанские Огни',	'0'),
(458,	'Республика Дагестан',	'Дербент',	'0'),
(459,	'Республика Дагестан',	'Избербаш',	'0'),
(460,	'Республика Дагестан',	'Каспийск',	'0'),
(461,	'Республика Дагестан',	'Кизилюрт',	'0'),
(462,	'Республика Дагестан',	'Кизляр',	'0'),
(463,	'Республика Дагестан',	'Махачкала',	'0'),
(464,	'Республика Дагестан',	'Хасавюрт',	'0'),
(465,	'Республика Дагестан',	'Южно-Сухокумск',	'0'),
(466,	'Республика Ингушетия',	'Карабулак',	'0'),
(467,	'Республика Ингушетия',	'Магас',	'0'),
(468,	'Республика Ингушетия',	'Малгобек',	'0'),
(469,	'Республика Ингушетия',	'Назрань',	'0'),
(470,	'Кабардино-Балкарская Республика',	'Баксан',	'0'),
(471,	'Кабардино-Балкарская Республика',	'Майский',	'0'),
(472,	'Кабардино-Балкарская Республика',	'Нальчик',	'0'),
(473,	'Кабардино-Балкарская Республика',	'Нарткала',	'0'),
(474,	'Кабардино-Балкарская Республика',	'Прохладный',	'0'),
(475,	'Кабардино-Балкарская Республика',	'Терек',	'0'),
(476,	'Кабардино-Балкарская Республика',	'Тырныауз',	'0'),
(477,	'Кабардино-Балкарская Республика',	'Чегем',	'0'),
(478,	'Республика Калмыкия',	'Городовиковск',	'0'),
(479,	'Республика Калмыкия',	'Лагань',	'0'),
(480,	'Республика Калмыкия',	'Элиста',	'0'),
(481,	'Карачаево-Черкесская Республика',	'Карачаевск',	'0'),
(482,	'Карачаево-Черкесская Республика',	'Теберда',	'0'),
(483,	'Карачаево-Черкесская Республика',	'Усть-Джегута',	'0'),
(484,	'Карачаево-Черкесская Республика',	'Черкесск',	'0'),
(485,	'Республика Северная Осетия-Алания',	'Алагир',	'0'),
(486,	'Республика Северная Осетия-Алания',	'Ардон',	'0'),
(487,	'Республика Северная Осетия-Алания',	'Беслан',	'0'),
(488,	'Республика Северная Осетия-Алания',	'Владикавказ',	'0'),
(489,	'Республика Северная Осетия-Алания',	'Дигора',	'0'),
(490,	'Республика Северная Осетия-Алания',	'Моздок',	'0'),
(491,	'Чеченская Республика',	'Аргун',	'0'),
(492,	'Чеченская Республика',	'Грозный',	'0'),
(493,	'Чеченская Республика',	'Гудермес',	'0'),
(494,	'Чеченская Республика',	'Урус-Мартан',	'0'),
(495,	'Чеченская Республика',	'Шали',	'0'),
(496,	'Краснодарский край',	'Абинск',	'0'),
(497,	'Краснодарский край',	'Анапа',	'0'),
(498,	'Краснодарский край',	'Апшеронск',	'0'),
(499,	'Краснодарский край',	'Армавир',	'0'),
(500,	'Краснодарский край',	'Белореченск',	'0'),
(501,	'Краснодарский край',	'Геленджик',	'0'),
(502,	'Краснодарский край',	'Горячий Ключ',	'0'),
(503,	'Краснодарский край',	'Гулькевичи',	'0'),
(504,	'Краснодарский край',	'Ейск',	'0'),
(505,	'Краснодарский край',	'Кореновск',	'0'),
(506,	'Краснодарский край',	'Краснодар',	'0'),
(507,	'Краснодарский край',	'Кропоткин',	'0'),
(508,	'Краснодарский край',	'Крымск',	'0'),
(509,	'Краснодарский край',	'Курганинск',	'0'),
(510,	'Краснодарский край',	'Лабинск',	'0'),
(511,	'Краснодарский край',	'Новокубанск',	'0'),
(512,	'Краснодарский край',	'Новороссийск',	'0'),
(513,	'Краснодарский край',	'Приморско-Ахтарск',	'0'),
(514,	'Краснодарский край',	'Славянск-на-Кубани',	'0'),
(515,	'Краснодарский край',	'Сочи',	'0'),
(516,	'Краснодарский край',	'Темрюк',	'0'),
(517,	'Краснодарский край',	'Тимашевск',	'0'),
(518,	'Краснодарский край',	'Тихорецк',	'0'),
(519,	'Краснодарский край',	'Тихорецк',	'0'),
(520,	'Краснодарский край',	'Туапсе',	'0'),
(521,	'Краснодарский край',	'Усть-Лабинск',	'0'),
(522,	'Краснодарский край',	'Хадыженск',	'0'),
(523,	'Ставропольский край',	'Благодарный',	'0'),
(524,	'Ставропольский край',	'Будённовск',	'0'),
(525,	'Ставропольский край',	'Георгиевск',	'0'),
(526,	'Ставропольский край',	'Ессентуки',	'0'),
(527,	'Ставропольский край',	'Железноводск',	'0'),
(528,	'Ставропольский край',	'Зеленокумск',	'0'),
(529,	'Ставропольский край',	'Изобильный',	'0'),
(530,	'Ставропольский край',	'Ипатово',	'0'),
(531,	'Ставропольский край',	'Кисловодск',	'0'),
(532,	'Ставропольский край',	'Лермонтов',	'0'),
(533,	'Ставропольский край',	'Минеральные Воды',	'0'),
(534,	'Ставропольский край',	'Михайловск (Ставропольский край)',	'0'),
(535,	'Ставропольский край',	'Невинномысск',	'0'),
(536,	'Ставропольский край',	'Нефтекумск',	'0'),
(537,	'Ставропольский край',	'Новоалександровск',	'0'),
(538,	'Ставропольский край',	'Новопавловск',	'0'),
(539,	'Ставропольский край',	'Пятигорск',	'0'),
(540,	'Ставропольский край',	'Светлоград',	'0'),
(541,	'Ставропольский край',	'Ставрополь',	'0'),
(542,	'Астраханская область',	'Астрахань',	'0'),
(543,	'Астраханская область',	'Ахтубинск',	'0'),
(544,	'Астраханская область',	'Знаменск',	'0'),
(545,	'Астраханская область',	'Камызяк',	'0'),
(546,	'Астраханская область',	'Нариманов',	'0'),
(547,	'Астраханская область',	'Харабали',	'0'),
(548,	'Волгоградская область',	'Волгоград',	'0'),
(549,	'Волгоградская область',	'Волжский',	'0'),
(550,	'Волгоградская область',	'Дубовка',	'0'),
(551,	'Волгоградская область',	'Жирновск',	'0'),
(552,	'Волгоградская область',	'Калач-на-Дону',	'0'),
(553,	'Волгоградская область',	'Камышин',	'0'),
(554,	'Волгоградская область',	'Котельниково',	'0'),
(555,	'Волгоградская область',	'Котово',	'0'),
(556,	'Волгоградская область',	'Краснослободск (Волгоградская область)',	'0'),
(557,	'Волгоградская область',	'Ленинск',	'0'),
(558,	'Волгоградская область',	'Михайловка',	'0'),
(559,	'Волгоградская область',	'Николаевск',	'0'),
(560,	'Волгоградская область',	'Новоаннинский',	'0'),
(561,	'Волгоградская область',	'Палласовка',	'0'),
(562,	'Волгоградская область',	'Петров Вал',	'0'),
(563,	'Волгоградская область',	'Серафимович',	'0'),
(564,	'Волгоградская область',	'Суровикино',	'0'),
(565,	'Волгоградская область',	'Урюпинск',	'0'),
(566,	'Волгоградская область',	'Фролово',	'0'),
(567,	'Ростовская область',	'Азов',	'0'),
(568,	'Ростовская область',	'Аксай',	'0'),
(569,	'Ростовская область',	'Батайск',	'0'),
(570,	'Ростовская область',	'Белая Калитва',	'0'),
(571,	'Ростовская область',	'Волгодонск',	'0'),
(572,	'Ростовская область',	'Гуково',	'0'),
(573,	'Ростовская область',	'Донецк',	'0'),
(574,	'Ростовская область',	'Зверево',	'0'),
(575,	'Ростовская область',	'Зерноград',	'0'),
(576,	'Ростовская область',	'Каменск-Шахтинский',	'0'),
(577,	'Ростовская область',	'Константиновск',	'0'),
(578,	'Ростовская область',	'Красный Сулин',	'0'),
(579,	'Ростовская область',	'Миллерово',	'0'),
(580,	'Ростовская область',	'Морозовск',	'0'),
(581,	'Ростовская область',	'Новочеркасск',	'0'),
(582,	'Ростовская область',	'Новошахтинск',	'0'),
(583,	'Ростовская область',	'Пролетарск',	'0'),
(584,	'Ростовская область',	'Ростов-на-Дону',	'0'),
(585,	'Ростовская область',	'Сальск',	'0'),
(586,	'Ростовская область',	'Семикаракорск',	'0'),
(587,	'Ростовская область',	'Таганрог',	'0'),
(588,	'Ростовская область',	'Цимлянск',	'0'),
(589,	'Ростовская область',	'Шахты',	'0'),
(590,	'Республика Башкортостан',	'Агидель',	'0'),
(591,	'Республика Башкортостан',	'Баймак',	'0'),
(592,	'Республика Башкортостан',	'Белебей',	'0'),
(593,	'Республика Башкортостан',	'Белорецк',	'0'),
(594,	'Республика Башкортостан',	'Бирск',	'0'),
(595,	'Республика Башкортостан',	'Благовещенск (Башкортостан)',	'0'),
(596,	'Республика Башкортостан',	'Давлеканово',	'0'),
(597,	'Республика Башкортостан',	'Дюртюли',	'0'),
(598,	'Республика Башкортостан',	'Ишимбай',	'0'),
(599,	'Республика Башкортостан',	'Кумертау',	'0'),
(600,	'Республика Башкортостан',	'Межгорье',	'0'),
(601,	'Республика Башкортостан',	'Мелеуз',	'0'),
(602,	'Республика Башкортостан',	'Нефтекамск',	'0'),
(603,	'Республика Башкортостан',	'Октябрьский',	'0'),
(604,	'Республика Башкортостан',	'Салават',	'0'),
(605,	'Республика Башкортостан',	'Сибай',	'0'),
(606,	'Республика Башкортостан',	'Стерлитамак',	'0'),
(607,	'Республика Башкортостан',	'Туймазы',	'0'),
(608,	'Республика Башкортостан',	'Уфа',	'0'),
(609,	'Республика Башкортостан',	'Учалы',	'0'),
(610,	'Республика Башкортостан',	'Учалы',	'0'),
(611,	'Республика Башкортостан',	'Янаул',	'0'),
(612,	'Республика Марий Эл',	'Волжск',	'0'),
(613,	'Республика Марий Эл',	'Звенигово',	'0'),
(614,	'Республика Марий Эл',	'Йошкар-Ола',	'0'),
(615,	'Республика Марий Эл',	'Козьмодемьянск',	'0'),
(616,	'Республика Мордовия',	'Ардатов',	'0'),
(617,	'Республика Мордовия',	'Инсар',	'0'),
(618,	'Республика Мордовия',	'Ковылкино',	'0'),
(619,	'Республика Мордовия',	'Краснослободск (Мордовия)',	'0'),
(620,	'Республика Мордовия',	'Рузаевка',	'0'),
(621,	'Республика Мордовия',	'Саранск',	'0'),
(622,	'Республика Мордовия',	'Темников',	'0'),
(623,	'Республика Татарстан',	'Агрыз',	'0'),
(624,	'Республика Татарстан',	'Азнакаево',	'0'),
(625,	'Республика Татарстан',	'Альметьевск',	'0'),
(626,	'Республика Татарстан',	'Бавлы',	'0'),
(627,	'Республика Татарстан',	'Болгар',	'0'),
(628,	'Республика Татарстан',	'Бугульма',	'0'),
(629,	'Республика Татарстан',	'Буинск',	'0'),
(630,	'Республика Татарстан',	'Елабуга',	'0'),
(631,	'Республика Татарстан',	'Заинск',	'0'),
(632,	'Республика Татарстан',	'Зеленодольск',	'0'),
(633,	'Республика Татарстан',	'Казань',	'0'),
(634,	'Республика Татарстан',	'Лениногорск',	'0'),
(635,	'Республика Татарстан',	'Мамадыш',	'0'),
(636,	'Республика Татарстан',	'Менделеевск',	'0'),
(637,	'Республика Татарстан',	'Мензелинск',	'0'),
(638,	'Республика Татарстан',	'Набережные Челны',	'0'),
(639,	'Республика Татарстан',	'Нижнекамск',	'0'),
(640,	'Республика Татарстан',	'Нурлат',	'0'),
(641,	'Республика Татарстан',	'Тетюши',	'0'),
(642,	'Республика Татарстан',	'Чистополь',	'0'),
(643,	'Удмуртская Республика',	'Воткинск',	'0'),
(644,	'Удмуртская Республика',	'Глазов',	'0'),
(645,	'Удмуртская Республика',	'Ижевск',	'0'),
(646,	'Удмуртская Республика',	'Камбарка',	'0'),
(647,	'Удмуртская Республика',	'Можга',	'0'),
(648,	'Удмуртская Республика',	'Сарапул',	'0'),
(649,	'Чувашская Республика',	'Алатырь',	'0'),
(650,	'Чувашская Республика',	'Канаш',	'0'),
(651,	'Чувашская Республика',	'Козловка',	'0'),
(652,	'Чувашская Республика',	'Мариинский Посад',	'0'),
(653,	'Чувашская Республика',	'Новочебоксарск',	'0'),
(654,	'Чувашская Республика',	'Цивильск',	'0'),
(655,	'Чувашская Республика',	'Чебоксары',	'0'),
(656,	'Чувашская Республика',	'Шумерля',	'0'),
(657,	'Чувашская Республика',	'Ядрин',	'0'),
(658,	'Пермский край',	'Александровск',	'0'),
(659,	'Пермский край',	'Березники',	'0'),
(660,	'Пермский край',	'Верещагино',	'0'),
(661,	'Пермский край',	'Горнозаводск (Пермская область)',	'0'),
(662,	'Пермский край',	'Гремячинск',	'0'),
(663,	'Пермский край',	'Губаха',	'0'),
(664,	'Пермский край',	'Добрянка',	'0'),
(665,	'Пермский край',	'Кизел',	'0'),
(666,	'Пермский край',	'Красновишерск',	'0'),
(667,	'Пермский край',	'Краснокамск',	'0'),
(668,	'Пермский край',	'Кудымкар',	'0'),
(669,	'Пермский край',	'Кунгур',	'0'),
(670,	'Пермский край',	'Лысьва',	'0'),
(671,	'Пермский край',	'Нытва',	'0'),
(672,	'Пермский край',	'Оса',	'0'),
(673,	'Пермский край',	'Оханск',	'0'),
(674,	'Пермский край',	'Очер',	'0'),
(675,	'Пермский край',	'Пермь',	'0'),
(676,	'Пермский край',	'Соликамск',	'0'),
(677,	'Пермский край',	'Усолье',	'0'),
(678,	'Пермский край',	'Чайковский',	'0'),
(679,	'Пермский край',	'Чердынь',	'0'),
(680,	'Пермский край',	'Чермоз',	'0'),
(681,	'Пермский край',	'Чернушка',	'0'),
(682,	'Пермский край',	'Чусовой',	'0'),
(683,	'Кировская область',	'Белая Холуница',	'0'),
(684,	'Кировская область',	'Вятские Поляны',	'0'),
(685,	'Кировская область',	'Зуевка',	'0'),
(686,	'Кировская область',	'Киров',	'0'),
(687,	'Кировская область',	'Кирово-Чепецк',	'0'),
(688,	'Кировская область',	'Кирс',	'0'),
(689,	'Кировская область',	'Котельнич',	'0'),
(690,	'Кировская область',	'Луза',	'0'),
(691,	'Кировская область',	'Малмыж',	'0'),
(692,	'Кировская область',	'Мураши',	'0'),
(693,	'Кировская область',	'Нолинск',	'0'),
(694,	'Кировская область',	'Омутнинск',	'0'),
(695,	'Кировская область',	'Орлов',	'0'),
(696,	'Кировская область',	'Слободской',	'0'),
(697,	'Кировская область',	'Советск (Кировская область)',	'0'),
(698,	'Кировская область',	'Сосновка',	'0'),
(699,	'Кировская область',	'Уржум',	'0'),
(700,	'Кировская область',	'Яранск',	'0'),
(701,	'Нижегородская область',	'Арзамас',	'0'),
(702,	'Нижегородская область',	'Балахна',	'0'),
(703,	'Нижегородская область',	'Богородск',	'0'),
(704,	'Нижегородская область',	'Бор',	'0'),
(705,	'Нижегородская область',	'Ветлуга',	'0'),
(706,	'Нижегородская область',	'Володарск',	'0'),
(707,	'Нижегородская область',	'Ворсма',	'0'),
(708,	'Нижегородская область',	'Выкса',	'0'),
(709,	'Нижегородская область',	'Горбатов',	'0'),
(710,	'Нижегородская область',	'Городец',	'0'),
(711,	'Нижегородская область',	'Дзержинск',	'0'),
(712,	'Нижегородская область',	'Заволжье',	'0'),
(713,	'Нижегородская область',	'Княгинино',	'0'),
(714,	'Нижегородская область',	'Кстово',	'0'),
(715,	'Нижегородская область',	'Кулебаки',	'0'),
(716,	'Нижегородская область',	'Лукоянов',	'0'),
(717,	'Нижегородская область',	'Лысково',	'0'),
(718,	'Нижегородская область',	'Навашино',	'0'),
(719,	'Нижегородская область',	'Нижний Новгород',	'0'),
(720,	'Нижегородская область',	'Павлово',	'0'),
(721,	'Нижегородская область',	'Первомайск',	'0'),
(722,	'Нижегородская область',	'Перевоз',	'0'),
(723,	'Нижегородская область',	'Саров',	'0'),
(724,	'Нижегородская область',	'Семенов',	'0'),
(725,	'Нижегородская область',	'Сергач',	'0'),
(726,	'Нижегородская область',	'Урень',	'0'),
(727,	'Нижегородская область',	'Чкаловск',	'0'),
(728,	'Нижегородская область',	'Шахунья',	'0'),
(729,	'Оренбургская область',	'Абдулино',	'0'),
(730,	'Оренбургская область',	'Бугуруслан',	'0'),
(731,	'Оренбургская область',	'Бузулук',	'0'),
(732,	'Оренбургская область',	'Гай',	'0'),
(733,	'Оренбургская область',	'Кувандык',	'0'),
(734,	'Оренбургская область',	'Медногорск',	'0'),
(735,	'Оренбургская область',	'Новотроицк',	'0'),
(736,	'Оренбургская область',	'Оренбург',	'0'),
(737,	'Оренбургская область',	'Орск',	'0'),
(738,	'Оренбургская область',	'Соль-Илецк',	'0'),
(739,	'Оренбургская область',	'Сорочинск',	'0'),
(740,	'Оренбургская область',	'Ясный',	'0'),
(741,	'Пензенская область',	'Беднодемьяновск',	'0'),
(742,	'Пензенская область',	'Белинский',	'0'),
(743,	'Пензенская область',	'Городище',	'0'),
(744,	'Пензенская область',	'Заречный',	'0'),
(745,	'Пензенская область',	'Каменка',	'0'),
(746,	'Пензенская область',	'Кузнецк',	'0'),
(747,	'Пензенская область',	'Нижний Ломов',	'0'),
(748,	'Пензенская область',	'Никольск (Пензенская область)',	'0'),
(749,	'Пензенская область',	'Пенза',	'0'),
(750,	'Пензенская область',	'Сердобск',	'0'),
(751,	'Пензенская область',	'Сурск',	'0'),
(752,	'Самарская область',	'Жигулевск',	'0'),
(753,	'Самарская область',	'Кинель',	'0'),
(754,	'Самарская область',	'Нефтегорск',	'0'),
(755,	'Самарская область',	'Новокуйбышевск',	'0'),
(756,	'Самарская область',	'Октябрьск',	'0'),
(757,	'Самарская область',	'Отрадный',	'0'),
(758,	'Самарская область',	'Похвистнево',	'0'),
(759,	'Самарская область',	'Самара',	'0'),
(760,	'Самарская область',	'Сызрань',	'0'),
(761,	'Самарская область',	'Тольятти',	'0'),
(762,	'Самарская область',	'Чапаевск',	'0'),
(763,	'Саратовская область',	'Аркадак',	'0'),
(764,	'Саратовская область',	'Аткарск',	'0'),
(765,	'Саратовская область',	'Балаково',	'0'),
(766,	'Саратовская область',	'Балашов',	'0'),
(767,	'Саратовская область',	'Вольск',	'0'),
(768,	'Саратовская область',	'Ершов',	'0'),
(769,	'Саратовская область',	'Калининск',	'0'),
(770,	'Саратовская область',	'Красноармейск (Саратовская область)',	'0'),
(771,	'Саратовская область',	'Красный Кут',	'0'),
(772,	'Саратовская область',	'Маркс',	'0'),
(773,	'Саратовская область',	'Новоузенск',	'0'),
(774,	'Саратовская область',	'Петровск',	'0'),
(775,	'Саратовская область',	'Пугачев',	'0'),
(776,	'Саратовская область',	'Ртищево',	'0'),
(777,	'Саратовская область',	'Саратов',	'0'),
(778,	'Саратовская область',	'Хвалынск',	'0'),
(779,	'Саратовская область',	'Шиханы',	'0'),
(780,	'Саратовская область',	'Энгельс',	'0'),
(781,	'Ульяновская область',	'Барыш',	'0'),
(782,	'Ульяновская область',	'Димитровград',	'0'),
(783,	'Ульяновская область',	'Инза',	'0'),
(784,	'Ульяновская область',	'Новоульяновск',	'0'),
(785,	'Ульяновская область',	'Сенгилей',	'0'),
(786,	'Ульяновская область',	'Ульяновск',	'0'),
(787,	'Курганская область',	'Далматово',	'0'),
(788,	'Курганская область',	'Катайск',	'0'),
(789,	'Курганская область',	'Курган',	'0'),
(790,	'Курганская область',	'Куртамыш',	'0'),
(791,	'Курганская область',	'Макушино',	'0'),
(792,	'Курганская область',	'Петухово',	'0'),
(793,	'Курганская область',	'Шадринск',	'0'),
(794,	'Курганская область',	'Шумиха',	'0'),
(795,	'Курганская область',	'Щучье',	'0'),
(796,	'Свердловская область',	'Алапаевск',	'0'),
(797,	'Свердловская область',	'Арамиль',	'0'),
(798,	'Свердловская область',	'Артемовский',	'0'),
(799,	'Свердловская область',	'Асбест',	'0'),
(800,	'Свердловская область',	'Березовский (Свердловская область)',	'0'),
(801,	'Свердловская область',	'Богданович',	'0'),
(802,	'Свердловская область',	'Верхний Тагил',	'0'),
(803,	'Свердловская область',	'Верхняя Пышма',	'0'),
(804,	'Свердловская область',	'Верхняя Салда',	'0'),
(805,	'Свердловская область',	'Верхняя Тура',	'0'),
(806,	'Свердловская область',	'Верхотурье',	'0'),
(807,	'Свердловская область',	'Волчанск',	'0'),
(808,	'Свердловская область',	'Дегтярск',	'0'),
(809,	'Свердловская область',	'Екатеринбург',	'0'),
(810,	'Свердловская область',	'Заречный',	'0'),
(811,	'Свердловская область',	'Ивдель',	'0'),
(812,	'Свердловская область',	'Ирбит',	'0'),
(813,	'Свердловская область',	'Каменск-Уральский',	'0'),
(814,	'Свердловская область',	'Камышлов',	'0'),
(815,	'Свердловская область',	'Карпинск',	'0'),
(816,	'Свердловская область',	'Качканар',	'0'),
(817,	'Свердловская область',	'Кировград',	'0'),
(818,	'Свердловская область',	'Краснотурьинск',	'0'),
(819,	'Свердловская область',	'Красноуральск',	'0'),
(820,	'Свердловская область',	'Красноуфимск',	'0'),
(821,	'Свердловская область',	'Кушва',	'0'),
(822,	'Свердловская область',	'Лесной',	'0'),
(823,	'Свердловская область',	'Михайловск (Свердловская область)',	'0'),
(824,	'Свердловская область',	'Невьянск',	'0'),
(825,	'Свердловская область',	'Нижние Серги',	'0'),
(826,	'Свердловская область',	'Нижний Тагил',	'0'),
(827,	'Свердловская область',	'Нижняя Салда',	'0'),
(828,	'Свердловская область',	'Нижняя Тура',	'0'),
(829,	'Свердловская область',	'Новая Ляля',	'0'),
(830,	'Свердловская область',	'Новоуральск',	'0'),
(831,	'Свердловская область',	'Первоуральск',	'0'),
(832,	'Свердловская область',	'Полевской',	'0'),
(833,	'Свердловская область',	'Ревда',	'0'),
(834,	'Свердловская область',	'Реж',	'0'),
(835,	'Свердловская область',	'Североуральск',	'0'),
(836,	'Свердловская область',	'Серов',	'0'),
(837,	'Свердловская область',	'Среднеуральск',	'0'),
(838,	'Свердловская область',	'Сухой Лог',	'0'),
(839,	'Свердловская область',	'Сысерть',	'0'),
(840,	'Свердловская область',	'Тавда',	'0'),
(841,	'Свердловская область',	'Талица',	'0'),
(842,	'Свердловская область',	'Туринск',	'0'),
(843,	'Тюменская область',	'Заводоуковск',	'0'),
(844,	'Тюменская область',	'Ишим',	'0'),
(845,	'Тюменская область',	'Тобольск',	'0'),
(846,	'Тюменская область',	'Тюмень',	'0'),
(847,	'Тюменская область',	'Ялуторовск',	'0'),
(848,	'Ханты-Мансийский автономный округ - Югра',	'Белоярский',	'0'),
(849,	'Ханты-Мансийский автономный округ - Югра',	'Когалым',	'0'),
(850,	'Ханты-Мансийский автономный округ - Югра',	'Лангепас',	'0'),
(851,	'Ханты-Мансийский автономный округ - Югра',	'Лянтор',	'0'),
(852,	'Ханты-Мансийский автономный округ - Югра',	'Мегион',	'0'),
(853,	'Ханты-Мансийский автономный округ - Югра',	'Нефтеюганск',	'0'),
(854,	'Ханты-Мансийский автономный округ - Югра',	'Нижневартовск',	'0'),
(855,	'Ханты-Мансийский автономный округ - Югра',	'Нягань',	'0'),
(856,	'Ханты-Мансийский автономный округ - Югра',	'Покачи',	'0'),
(857,	'Ханты-Мансийский автономный округ - Югра',	'Пыть-Ях',	'0'),
(858,	'Ханты-Мансийский автономный округ - Югра',	'Радужный',	'0'),
(859,	'Ханты-Мансийский автономный округ - Югра',	'Советский',	'0'),
(860,	'Ханты-Мансийский автономный округ - Югра',	'Сургут',	'0'),
(861,	'Ханты-Мансийский автономный округ - Югра',	'Урай',	'0'),
(862,	'Ханты-Мансийский автономный округ - Югра',	'Ханты-Мансийск',	'0'),
(863,	'Ханты-Мансийский автономный округ - Югра',	'Югорск',	'0'),
(864,	'Ямало-Ненецкий автономный округ',	'Губкинский',	'0'),
(865,	'Ямало-Ненецкий автономный округ',	'Лабытнанги',	'0'),
(866,	'Ямало-Ненецкий автономный округ',	'Муравленко',	'0'),
(867,	'Ямало-Ненецкий автономный округ',	'Надым',	'0'),
(868,	'Ямало-Ненецкий автономный округ',	'Новый Уренгой',	'0'),
(869,	'Ямало-Ненецкий автономный округ',	'Ноябрьск',	'0'),
(870,	'Ямало-Ненецкий автономный округ',	'Салехард',	'0'),
(871,	'Челябинская область',	'Аша',	'0'),
(872,	'Челябинская область',	'Бакал',	'0'),
(873,	'Челябинская область',	'Верхнеуральск',	'0'),
(874,	'Челябинская область',	'Верхний Уфалей',	'0'),
(875,	'Челябинская область',	'Еманжелинск',	'0'),
(876,	'Челябинская область',	'Златоуст',	'0'),
(877,	'Челябинская область',	'Карабаш',	'0'),
(878,	'Челябинская область',	'Карталы',	'0'),
(879,	'Челябинская область',	'Касли',	'0'),
(880,	'Челябинская область',	'Катав-Ивановск',	'0'),
(881,	'Челябинская область',	'Копейск',	'0'),
(882,	'Челябинская область',	'Коркино',	'0'),
(883,	'Челябинская область',	'Куса',	'0'),
(884,	'Челябинская область',	'Кыштым',	'0'),
(885,	'Челябинская область',	'Магнитогорск',	'0'),
(886,	'Челябинская область',	'Миасс',	'0'),
(887,	'Челябинская область',	'Миньяр',	'0'),
(888,	'Челябинская область',	'Нязепетровск',	'0'),
(889,	'Челябинская область',	'Озерск',	'0'),
(890,	'Челябинская область',	'Пласт',	'0'),
(891,	'Челябинская область',	'Сатка',	'0'),
(892,	'Челябинская область',	'Сим',	'0'),
(893,	'Челябинская область',	'Снежинск',	'0'),
(894,	'Челябинская область',	'Трехгорный',	'0'),
(895,	'Челябинская область',	'Троицк',	'0'),
(896,	'Челябинская область',	'Усть-Катав',	'0'),
(897,	'Челябинская область',	'Чебаркуль',	'0'),
(898,	'Челябинская область',	'Челябинск',	'0'),
(899,	'Челябинская область',	'Южноуральск',	'0'),
(900,	'Челябинская область',	'Юрюзань',	'0'),
(901,	'Республика Алтай',	'Горно-Алтайск',	'0'),
(902,	'Республика Бурятия',	'Бабушкин',	'0'),
(903,	'Республика Бурятия',	'Гусиноозерск',	'0'),
(904,	'Республика Бурятия',	'Закаменск',	'0'),
(905,	'Республика Бурятия',	'Кяхта',	'0'),
(906,	'Республика Бурятия',	'Северобайкальск',	'0'),
(907,	'Республика Бурятия',	'Улан-Удэ',	'0'),
(908,	'Республика Тыва',	'Ак-Довурак',	'0'),
(909,	'Республика Тыва',	'Кызыл',	'0'),
(910,	'Республика Тыва',	'Туран',	'0'),
(911,	'Республика Тыва',	'Чадан',	'0'),
(912,	'Республика Тыва',	'Шагонар',	'0'),
(913,	'Республика Хакасия',	'Абаза',	'0'),
(914,	'Республика Хакасия',	'Абакан',	'0'),
(915,	'Республика Хакасия',	'Саяногорск',	'0'),
(916,	'Республика Хакасия',	'Сорск',	'0'),
(917,	'Республика Хакасия',	'Черногорск',	'0'),
(918,	'Алтайский край',	'Алейск',	'0'),
(919,	'Алтайский край',	'Барнаул',	'0'),
(920,	'Алтайский край',	'Белокуриха',	'0'),
(921,	'Алтайский край',	'Бийск',	'0'),
(922,	'Алтайский край',	'Горняк',	'0'),
(923,	'Алтайский край',	'Заринск',	'0'),
(924,	'Алтайский край',	'Змеиногорск',	'0'),
(925,	'Алтайский край',	'Камень-на-Оби',	'0'),
(926,	'Алтайский край',	'Новоалтайск',	'0'),
(927,	'Алтайский край',	'Рубцовск',	'0'),
(928,	'Алтайский край',	'Славгород',	'0'),
(929,	'Алтайский край',	'Яровое',	'0'),
(930,	'Забайкальский край',	'Балей',	'0'),
(931,	'Забайкальский край',	'Борзя',	'0'),
(932,	'Забайкальский край',	'Краснокаменск',	'0'),
(933,	'Забайкальский край',	'Могоча',	'0'),
(934,	'Забайкальский край',	'Нерчинск',	'0'),
(935,	'Забайкальский край',	'Петровск-Забайкальский',	'0'),
(936,	'Забайкальский край',	'Сретенск',	'0'),
(937,	'Забайкальский край',	'Хилок',	'0'),
(938,	'Забайкальский край',	'Чита',	'0'),
(939,	'Забайкальский край',	'Шилка',	'0'),
(940,	'Красноярский край',	'Артемовск',	'0'),
(941,	'Красноярский край',	'Ачинск',	'0'),
(942,	'Красноярский край',	'Боготол',	'0'),
(943,	'Красноярский край',	'Бородино',	'0'),
(944,	'Красноярский край',	'Дивногорск',	'0'),
(945,	'Красноярский край',	'Дудинка',	'0'),
(946,	'Красноярский край',	'Енисейск',	'0'),
(947,	'Красноярский край',	'Железногорск (Красноярский край)',	'0'),
(948,	'Красноярский край',	'Заозерный',	'0'),
(949,	'Красноярский край',	'Зеленогорск',	'0'),
(950,	'Красноярский край',	'Игарка',	'0'),
(951,	'Красноярский край',	'Иланский',	'0'),
(952,	'Красноярский край',	'Кайеркан',	'0'),
(953,	'Красноярский край',	'Канск',	'0'),
(954,	'Красноярский край',	'Кодинск',	'0'),
(955,	'Красноярский край',	'Красноярск',	'0'),
(956,	'Красноярский край',	'Лесосибирск',	'0'),
(957,	'Красноярский край',	'Минусинск',	'0'),
(958,	'Красноярский край',	'Назарово',	'0'),
(959,	'Красноярский край',	'Норильск',	'0'),
(960,	'Красноярский край',	'Сосновоборск',	'0'),
(961,	'Красноярский край',	'Талнах',	'0'),
(962,	'Красноярский край',	'Ужур',	'0'),
(963,	'Красноярский край',	'Уяр',	'0'),
(964,	'Красноярский край',	'Шарыпово',	'0'),
(965,	'Иркутская область',	'Алзамай',	'0'),
(966,	'Иркутская область',	'Ангарск',	'0'),
(967,	'Иркутская область',	'Байкальск',	'0'),
(968,	'Иркутская область',	'Бирюсинск',	'0'),
(969,	'Иркутская область',	'Бодайбо',	'0'),
(970,	'Иркутская область',	'Братск',	'0'),
(971,	'Иркутская область',	'Вихоревка',	'0'),
(972,	'Иркутская область',	'Железногорск-Илимский',	'0'),
(973,	'Иркутская область',	'Зима',	'0'),
(974,	'Иркутская область',	'Иркутск',	'0'),
(975,	'Иркутская область',	'Киренск',	'0'),
(976,	'Иркутская область',	'Нижнеудинск',	'0'),
(977,	'Иркутская область',	'Саянск',	'0'),
(978,	'Иркутская область',	'Свирск',	'0'),
(979,	'Иркутская область',	'Слюдянка',	'0'),
(980,	'Иркутская область',	'Тайшет',	'0'),
(981,	'Иркутская область',	'Тулун',	'0'),
(982,	'Иркутская область',	'Усолье-Сибирское',	'0'),
(983,	'Иркутская область',	'Усть-Илимск',	'0'),
(984,	'Иркутская область',	'Усть-Кут',	'0'),
(985,	'Иркутская область',	'Черемхово',	'0'),
(986,	'Иркутская область',	'Шелехов',	'0'),
(987,	'Кемеровская область',	'Анжеро-Судженск',	'0'),
(988,	'Кемеровская область',	'Белово',	'0'),
(989,	'Кемеровская область',	'Березовский (Кемеровская область)',	'0'),
(990,	'Кемеровская область',	'Гурьевск',	'0'),
(991,	'Кемеровская область',	'Калтан',	'0'),
(992,	'Кемеровская область',	'Кемерово',	'0'),
(993,	'Кемеровская область',	'Киселевск',	'0'),
(994,	'Кемеровская область',	'Ленинск-Кузнецкий',	'0'),
(995,	'Кемеровская область',	'Мариинск',	'0'),
(996,	'Кемеровская область',	'Междуреченск',	'0'),
(997,	'Кемеровская область',	'Мыски',	'0'),
(998,	'Кемеровская область',	'Новокузнецк',	'0'),
(999,	'Кемеровская область',	'Осинники',	'0'),
(1000,	'Кемеровская область',	'Полысаево',	'0'),
(1001,	'Кемеровская область',	'Прокопьевск',	'0'),
(1002,	'Кемеровская область',	'Салаир',	'0'),
(1003,	'Кемеровская область',	'Тайга',	'0'),
(1004,	'Кемеровская область',	'Таштагол',	'0'),
(1005,	'Кемеровская область',	'Топки',	'0'),
(1006,	'Кемеровская область',	'Юрга',	'0'),
(1007,	'Новосибирская область',	'Барабинск',	'0'),
(1008,	'Новосибирская область',	'Бердск',	'0'),
(1009,	'Новосибирская область',	'Болотное',	'0'),
(1010,	'Новосибирская область',	'Искитим',	'0'),
(1011,	'Новосибирская область',	'Карасук',	'0'),
(1012,	'Новосибирская область',	'Каргат',	'0'),
(1013,	'Новосибирская область',	'Куйбышев',	'0'),
(1014,	'Новосибирская область',	'Купино',	'0'),
(1015,	'Новосибирская область',	'Новосибирск',	'0'),
(1016,	'Новосибирская область',	'Обь',	'0'),
(1017,	'Новосибирская область',	'Татарск',	'0'),
(1018,	'Новосибирская область',	'Тогучин',	'0'),
(1019,	'Новосибирская область',	'Черепаново',	'0'),
(1020,	'Новосибирская область',	'Чулым',	'0'),
(1021,	'Омская область',	'Исилькуль',	'0'),
(1022,	'Омская область',	'Калачинск',	'0'),
(1023,	'Омская область',	'Называевск',	'0'),
(1024,	'Омская область',	'Омск',	'0'),
(1025,	'Омская область',	'Тара',	'0'),
(1026,	'Омская область',	'Тюкалинск',	'0'),
(1027,	'Томская область',	'Асино',	'0'),
(1028,	'Томская область',	'Кедровый',	'0'),
(1029,	'Томская область',	'Колпашево',	'0'),
(1030,	'Томская область',	'Северск',	'0'),
(1031,	'Томская область',	'Стрежевой',	'0'),
(1032,	'Томская область',	'Томск',	'0'),
(1033,	'Республика Саха (Якутия)',	'Алдан',	'0'),
(1034,	'Республика Саха (Якутия)',	'Верхоянск',	'0'),
(1035,	'Республика Саха (Якутия)',	'Вилюйск',	'0'),
(1036,	'Республика Саха (Якутия)',	'Ленск',	'0'),
(1037,	'Республика Саха (Якутия)',	'Мирный (Якутия)',	'0'),
(1038,	'Республика Саха (Якутия)',	'Нерюнгри',	'0'),
(1039,	'Республика Саха (Якутия)',	'Нюрба',	'0'),
(1040,	'Республика Саха (Якутия)',	'Олекминск',	'0'),
(1041,	'Республика Саха (Якутия)',	'Покровск',	'0'),
(1042,	'Республика Саха (Якутия)',	'Среднеколымск',	'0'),
(1043,	'Республика Саха (Якутия)',	'Томмот',	'0'),
(1044,	'Республика Саха (Якутия)',	'Удачный',	'0'),
(1045,	'Республика Саха (Якутия)',	'Якутск',	'0'),
(1046,	'Камчатский край',	'Вилючинск',	'0'),
(1047,	'Камчатский край',	'Елизово',	'0'),
(1048,	'Камчатский край',	'Петропавловск-Камчатский',	'0'),
(1049,	'Приморский край',	'Арсеньев',	'0'),
(1050,	'Приморский край',	'Артем',	'0'),
(1051,	'Приморский край',	'Большой Камень',	'0'),
(1052,	'Приморский край',	'Владивосток',	'0'),
(1053,	'Приморский край',	'Дальнегорск',	'0'),
(1054,	'Приморский край',	'Дальнереченск',	'0'),
(1055,	'Приморский край',	'Лесозаводск',	'0'),
(1056,	'Приморский край',	'Находка',	'0'),
(1057,	'Приморский край',	'Партизанск',	'0'),
(1058,	'Приморский край',	'Спасск-Дальний',	'0'),
(1059,	'Приморский край',	'Уссурийск',	'0'),
(1060,	'Приморский край',	'Фокино (Приморский край)',	'0'),
(1061,	'Хабаровский край',	'Амурск',	'0'),
(1062,	'Хабаровский край',	'Бикин',	'0'),
(1063,	'Хабаровский край',	'Вяземский',	'0'),
(1064,	'Хабаровский край',	'Комсомольск-на-Амуре',	'0'),
(1065,	'Хабаровский край',	'Николаевск-на-Амуре',	'0'),
(1066,	'Хабаровский край',	'Советская Гавань',	'0'),
(1067,	'Хабаровский край',	'Хабаровск',	'0'),
(1068,	'Амурская область',	'Белогорск',	'0'),
(1069,	'Амурская область',	'Благовещенск',	'0'),
(1070,	'Амурская область',	'Завитинск',	'0'),
(1071,	'Амурская область',	'Зея',	'0'),
(1072,	'Амурская область',	'Райчихинск',	'0'),
(1073,	'Амурская область',	'Свободный',	'0'),
(1074,	'Амурская область',	'Сковородино',	'0'),
(1075,	'Амурская область',	'Тында',	'0'),
(1076,	'Амурская область',	'Шимановск',	'0'),
(1077,	'Магаданская область',	'Магадан',	'0'),
(1078,	'Магаданская область',	'Сусуман',	'0'),
(1079,	'Сахалинская область',	'Александровск-Сахалинский',	'0'),
(1080,	'Сахалинская область',	'Анива',	'0'),
(1081,	'Сахалинская область',	'Горнозаводск',	'0'),
(1082,	'Сахалинская область',	'Долинск',	'0'),
(1083,	'Сахалинская область',	'Корсаков',	'0'),
(1084,	'Сахалинская область',	'Красногорск',	'0'),
(1085,	'Сахалинская область',	'Курильск',	'0'),
(1086,	'Сахалинская область',	'Макаров',	'0'),
(1087,	'Сахалинская область',	'Невельск',	'0'),
(1088,	'Сахалинская область',	'Оха',	'0'),
(1089,	'Сахалинская область',	'Поронайск',	'0'),
(1090,	'Сахалинская область',	'Северо-Курильск',	'0'),
(1091,	'Сахалинская область',	'Томари',	'0'),
(1092,	'Сахалинская область',	'Углегорск',	'0'),
(1093,	'Сахалинская область',	'Холмск',	'0'),
(1094,	'Сахалинская область',	'Чехов',	'0'),
(1095,	'Сахалинская область',	'Шахтерск',	'0'),
(1096,	'Сахалинская область',	'Южно-Сахалинск',	'0'),
(1097,	'Еврейская автономная область',	'Биробиджан',	'0'),
(1098,	'Еврейская автономная область',	'Облучье',	'0'),
(1099,	'Чукотский автономный округ',	'Анадырь',	'0'),
(1100,	'Чукотский автономный округ',	'Билибино',	'0'),
(1101,	'Чукотский автономный округ',	'Певек',	'0'),
(1102,	'Московская область',	'Москва',	'0'),
(1103,	'Ленинградская область',	'Санкт-Петербург',	'0'),
(1105,	'Средняя Россия',	'Мухосранск',	'0'),
(1106,	'',	'Титигорск',	'0'),
(1107,	'Усть-Ордынский Бурятский автономный округ',	'Усть-Ордынский',	'0'),
(1108,	'Агинский Бурятский автономный округ',	'Агинское',	'0'),
(1109,	'Эвенкский автономный округ',	'Тура',	'0'),
(1110,	'Корякский автономный округ',	'Палана',	'0'),
(1111,	'',	'Санкт-Петербург',	'0'),
(1112,	'',	'москва',	'0'),
(1113,	'',	'Брянск',	'0');

DROP TABLE IF EXISTS `like`;
CREATE TABLE `like` (
  `id` int(11) NOT NULL AUTO_INCREMENT,
  `e_id` int(11) DEFAULT NULL,
  `user_id` int(11) DEFAULT NULL,
  `datetime` datetime DEFAULT NULL,
  PRIMARY KEY (`id`)
) ENGINE=InnoDB DEFAULT CHARSET=utf8 ROW_FORMAT=COMPACT;

INSERT INTO `like` (`id`, `e_id`, `user_id`, `datetime`) VALUES
(79,	3,	25,	'2010-09-18 18:49:36'),
(90,	3,	1,	'2010-09-19 02:40:45'),
(98,	11,	46,	'2010-10-02 23:53:12'),
(121,	3,	46,	'2010-10-19 02:23:38'),
(122,	2,	46,	'2010-10-19 02:23:39'),
(123,	15,	46,	'2010-10-19 02:43:27');

DROP TABLE IF EXISTS `roles`;
CREATE TABLE `roles` (
  `id` int(11) unsigned NOT NULL AUTO_INCREMENT,
  `name` varchar(32) NOT NULL,
  `description` varchar(255) NOT NULL,
  PRIMARY KEY (`id`),
  UNIQUE KEY `uniq_name` (`name`)
) ENGINE=InnoDB DEFAULT CHARSET=utf8;

INSERT INTO `roles` (`id`, `name`, `description`) VALUES
(1,	'login',	'Login privileges, granted after account confirmation'),
(2,	'admin',	'Administrative user, has access to everything.'),
(3,	'manager',	'');

DROP TABLE IF EXISTS `roles_users`;
CREATE TABLE `roles_users` (
  `user_id` int(10) unsigned NOT NULL,
  `role_id` int(10) unsigned NOT NULL,
  PRIMARY KEY (`user_id`,`role_id`),
  KEY `fk_role_id` (`role_id`),
  CONSTRAINT `roles_users_ibfk_1` FOREIGN KEY (`user_id`) REFERENCES `users` (`id`) ON DELETE CASCADE,
  CONSTRAINT `roles_users_ibfk_2` FOREIGN KEY (`role_id`) REFERENCES `roles` (`id`) ON DELETE CASCADE
) ENGINE=InnoDB DEFAULT CHARSET=utf8;

INSERT INTO `roles_users` (`user_id`, `role_id`) VALUES
(8,	1),
(9,	1),
(10,	1),
(12,	1),
(13,	1),
(15,	1),
(13,	2);

DROP TABLE IF EXISTS `user_tokens`;
CREATE TABLE `user_tokens` (
  `id` int(11) unsigned NOT NULL AUTO_INCREMENT,
  `user_id` int(11) unsigned NOT NULL,
  `user_agent` varchar(40) NOT NULL,
  `token` varchar(32) NOT NULL,
  `created` int(10) unsigned NOT NULL,
  `expires` int(10) unsigned NOT NULL,
  PRIMARY KEY (`id`),
  UNIQUE KEY `uniq_token` (`token`),
  KEY `fk_user_id` (`user_id`),
  CONSTRAINT `user_tokens_ibfk_1` FOREIGN KEY (`user_id`) REFERENCES `users` (`id`) ON DELETE CASCADE
) ENGINE=InnoDB DEFAULT CHARSET=utf8;


DROP TABLE IF EXISTS `users`;
CREATE TABLE `users` (
  `id` int(11) unsigned NOT NULL AUTO_INCREMENT,
  `email` varchar(127) NOT NULL,
  `username` varchar(32) NOT NULL DEFAULT '',
  `password` char(64) NOT NULL,
  `logins` int(10) unsigned NOT NULL DEFAULT '0',
  `last_login` int(10) unsigned DEFAULT NULL,
  PRIMARY KEY (`id`),
  UNIQUE KEY `uniq_username` (`username`),
  UNIQUE KEY `uniq_email` (`email`)
) ENGINE=InnoDB DEFAULT CHARSET=utf8;

INSERT INTO `users` (`id`, `email`, `username`, `password`, `logins`, `last_login`) VALUES
(5,	'wer@mail.ru',	'rrrrrrrr',	'adbac560cedb14efed17f092c377cd71f46cf60d7042a0a3d2e70376852c6895',	0,	NULL),
(6,	'hhhhhhh@mail.ru',	'hhhhhhhh',	'1daccc1a378f889d0835506f4778027fc152d253ab825f508ffb796c2eb2327f',	0,	NULL),
(7,	'm22adjest@mail.ru',	'MadjProm',	'8daa753b168cef53c551933e6d4ff3be365010b290f2b5408c5fb5446e1c078c',	0,	NULL),
(8,	'maee@mail.ru',	'madjest',	'66bab295ab2e716795c8c9badc5e5c499d9544356cf0d326ecff438c6f3e99ca',	7,	1303538671),
(9,	'12312dsdads@mail.ru',	'prometey',	'1f4a65cf7fc645a0a3051ceb3eccc26de54121eb0d3c593f7190a96843ce4f36',	0,	NULL),
(10,	'fff@mail.ru',	'fffff',	'45242f97e3cf440e4558f3c892f7daa381b79ec241c857c5aa2deeb4c8a27c66',	2,	1303499103),
(12,	'admin@mail.ru',	'admin',	'fd566d745948392d89c83467e5c83ff797e59d618c95656d0a87a69482a751c8',	6,	1304850330),
(13,	'madjest@mail.ru',	'Prom',	'f3eaa0c5253e15ded8eb7fd8352a076cc1e8357b3cba3410c2fbe954d6852f1f',	30,	1344141137),
(14,	'ddd@mail.ru',	'dddd',	'5338f086240745037c983bb7f0cd9eef34f2bafd97c61635910a948a1cef2819',	0,	NULL),
(15,	'qqqq@mail.ru',	'qqqq',	'bb354a0a23a7a6e23c0729d5078fe961f8dc49e13dc618a70723d840fb4885a1',	0,	NULL),
(16,	'mbllo_danila@mail.ru',	'gypsyk',	'4c3b10d4ada44b24993954961c05c3daaea9c3ee86d3b2bd057f7f2ff90c6fdc',	0,	NULL);

-- 2012-08-09 17:09:46
